PT08.S3(NOx);RH;C6H6(GT);T;AH;PT08.S1(CO);PT08.S2(NMHC);PT08.S4(NO2);PT08.S5(O3);CO(GT);NO2(GT);NOx(GT);NMHC(GT)
715.0;38.1;8.3;35.1;2.1144;1144.0;913.0;1782.0;972.0;1.7;68.0;89.0;-200.0
813.0;37.9;8.0;27.7;1.3842;997.0;898.0;1613.0;856.0;-200.0;97.0;65.0;-200.0
767.0;23.5;12.0;34.6;1.2691;1026.0;1048.0;1651.0;912.0;-200.0;118.0;124.0;-200.0
914.0;60.9;8.7;21.9;1.5799;1036.0;928.0;1787.0;909.0;-200.0;59.0;89.0;-200.0
832.0;38.9;7.2;28.8;1.5184;993.0;866.0;1637.0;823.0;-200.0;98.0;111.0;-200.0
831.0;44.1;6.8;27.3;1.5751;1034.0;850.0;1643.0;803.0;1.5;88.0;84.0;-200.0
806.0;50.5;5.8;24.4;1.5243;968.0;803.0;1586.0;1003.0;0.7;62.0;56.0;-200.0
725.0;15.2;12.5;41.9;1.2173;1083.0;1066.0;1621.0;912.0;1.5;121.0;99.0;-200.0
910.0;67.6;6.6;14.8;1.1352;1000.0;838.0;1580.0;942.0;1.6;-200.0;-200.0;-200.0
716.0;45.4;8.5;24.3;1.365;1096.0;921.0;1534.0;988.0;1.9;-200.0;-200.0;-200.0
867.0;50.6;4.1;24.9;1.5755;954.0;715.0;1527.0;1010.0;0.8;50.0;48.0;-200.0
815.0;27.3;11.7;32.0;1.2752;1202.0;1040.0;1506.0;886.0;-200.0;-200.0;-200.0;-200.0
756.0;16.5;11.7;38.5;1.1037;1050.0;1039.0;1558.0;734.0;-200.0;129.0;108.0;-200.0
824.0;70.3;8.3;19.7;1.5925;1053.0;913.0;1578.0;1033.0;-200.0;-200.0;-200.0;-200.0
761.0;14.9;11.0;40.5;1.114;1100.0;1014.0;1533.0;959.0;-200.0;126.0;108.0;-200.0
794.0;27.0;12.3;25.3;0.8565;1215.0;1062.0;1650.0;1381.0;2.4;119.0;199.0;-200.0
825.0;24.8;9.0;29.7;1.016;1067.0;938.0;1520.0;912.0;1.2;99.0;102.0;-200.0
871.0;38.1;5.5;24.3;1.1398;971.0;790.0;1447.0;875.0;1.1;64.0;46.0;-200.0
869.0;33.1;5.5;26.3;1.1199;986.0;790.0;1422.0;853.0;1.2;70.0;57.0;-200.0
977.0;11.8;5.6;41.4;0.9282;973.0;792.0;1356.0;620.0;0.4;70.0;53.0;-200.0
816.0;43.0;8.3;22.2;1.1363;949.0;910.0;1552.0;1015.0;1.2;77.0;71.0;-200.0
765.0;39.2;9.4;23.6;1.1306;977.0;956.0;1581.0;1114.0;1.6;93.0;93.0;-200.0
720.0;28.1;11.7;29.7;1.1544;1051.0;1039.0;1641.0;916.0;-200.0;118.0;107.0;-200.0
779.0;35.7;10.8;24.5;1.0807;1010.0;1006.0;1589.0;1000.0;1.9;100.0;102.0;-200.0
810.0;18.1;10.6;36.2;1.0724;977.0;998.0;1554.0;743.0;1.7;131.0;125.0;-200.0
742.0;18.9;12.6;35.7;1.0865;1032.0;1071.0;1619.0;840.0;2.0;131.0;127.0;-200.0
736.0;24.7;12.1;33.4;1.2516;1084.0;1052.0;1677.0;882.0;2.0;130.0;136.0;-200.0
849.0;30.0;9.0;25.3;0.9508;951.0;939.0;1488.0;868.0;1.4;101.0;96.0;-200.0
787.0;27.3;11.2;26.3;0.9238;970.0;1023.0;1552.0;1074.0;1.9;123.0;134.0;-200.0
819.0;15.0;12.6;35.1;0.8381;949.0;1069.0;1547.0;905.0;1.9;106.0;144.0;-200.0
675.0;47.6;9.4;25.0;1.4872;1052.0;956.0;1581.0;987.0;-200.0;-200.0;-200.0;-200.0
890.0;36.8;7.5;22.5;0.988;904.0;877.0;1488.0;781.0;1.5;95.0;117.0;-200.0
835.0;27.9;9.6;27.0;0.9812;962.0;963.0;1592.0;843.0;2.1;96.0;164.0;-200.0
779.0;27.3;12.1;28.5;1.0479;1024.0;1052.0;1690.0;952.0;2.1;104.0;183.0;-200.0
907.0;39.4;6.8;23.4;1.1172;942.0;849.0;1496.0;894.0;1.5;107.0;177.0;-200.0
912.0;23.5;5.9;34.4;1.2541;902.0;808.0;1408.0;632.0;1.3;64.0;57.0;-200.0
753.0;43.3;7.0;24.3;1.2973;969.0;857.0;1485.0;821.0;1.5;84.0;75.0;-200.0
655.0;53.4;10.4;24.4;1.6031;1063.0;991.0;1672.0;966.0;1.8;104.0;200.0;-200.0
859.0;41.6;6.8;25.0;1.301;959.0;848.0;1572.0;739.0;1.1;84.0;91.0;-200.0
886.0;51.0;5.9;22.0;1.3296;958.0;805.0;1551.0;835.0;0.9;74.0;92.0;-200.0
845.0;51.9;6.7;21.6;1.3254;940.0;845.0;1539.0;704.0;1.0;70.0;57.0;-200.0
719.0;73.3;7.6;16.8;1.3915;1010.0;884.0;1430.0;938.0;1.5;59.0;216.0;-200.0
845.0;19.3;9.6;34.4;1.0325;1008.0;962.0;1545.0;742.0;1.7;129.0;145.0;-200.0
828.0;20.1;9.6;32.9;0.9902;1002.0;964.0;1546.0;786.0;1.7;137.0;149.0;-200.0
829.0;24.7;9.4;30.5;1.0592;1036.0;955.0;1527.0;840.0;1.8;130.0;166.0;-200.0
819.0;15.0;9.9;41.8;1.1989;1076.0;972.0;1525.0;923.0;1.3;109.0;111.0;-200.0
801.0;15.8;10.6;40.3;1.1604;1070.0;1000.0;1538.0;1039.0;1.4;115.0;147.0;-200.0
891.0;46.6;6.8;16.7;0.8793;897.0;849.0;1253.0;910.0;1.3;90.0;157.0;-200.0
819.0;55.5;5.8;21.8;1.4323;903.0;803.0;1471.0;853.0;0.8;58.0;87.0;-200.0
750.0;70.1;8.0;17.0;1.3512;1019.0;901.0;1438.0;960.0;1.3;64.0;231.0;-200.0
846.0;39.8;6.0;28.0;1.4803;956.0;813.0;1544.0;1094.0;0.8;59.0;42.0;-200.0
792.0;11.6;11.3;41.0;0.8872;1056.0;1024.0;1555.0;1068.0;1.8;121.0;159.0;-200.0
931.0;33.9;5.1;25.7;1.1065;895.0;767.0;1463.0;985.0;0.8;69.0;55.0;-200.0
776.0;39.7;9.6;26.2;1.3249;1062.0;962.0;1674.0;1030.0;1.9;104.0;108.0;-200.0
790.0;38.7;9.0;24.7;1.1845;1025.0;939.0;1635.0;1103.0;1.5;93.0;107.0;-200.0
752.0;76.4;7.6;18.2;1.5787;983.0;881.0;1472.0;928.0;1.6;56.0;227.0;-200.0
653.0;21.0;16.0;31.1;0.9337;1120.0;1181.0;1604.0;1028.0;3.3;-200.0;-200.0;-200.0
816.0;51.0;7.2;22.6;1.3805;1007.0;864.0;1639.0;987.0;1.1;71.0;65.0;-200.0
813.0;23.8;6.8;39.9;1.7127;1022.0;849.0;1583.0;732.0;1.2;44.0;32.0;-200.0
822.0;33.4;9.0;27.4;1.2022;1045.0;940.0;1658.0;920.0;1.5;94.0;90.0;-200.0
912.0;49.3;5.9;20.5;1.176;914.0;809.0;1530.0;807.0;0.7;69.0;69.0;-200.0
1337.0;59.2;4.7;11.2;0.7848;1197.0;750.0;1393.0;949.0;1.2;96.0;89.0;38.0
793.0;39.4;6.5;32.5;1.8982;1031.0;834.0;1640.0;737.0;1.2;47.0;47.0;-200.0
854.0;37.3;7.4;24.2;1.1118;953.0;874.0;1528.0;899.0;1.1;84.0;72.0;-200.0
689.0;67.0;8.8;22.0;1.7441;1141.0;932.0;1595.0;1014.0;1.8;71.0;226.0;-200.0
780.0;34.0;10.1;25.5;1.0935;1048.0;983.0;1643.0;1064.0;1.8;119.0;134.0;-200.0
817.0;27.1;10.7;27.4;0.9736;1008.0;1004.0;1588.0;1125.0;1.9;124.0;133.0;-200.0
812.0;74.1;5.7;19.3;1.6391;997.0;797.0;1470.0;824.0;1.3;64.0;169.0;-200.0
922.0;50.5;8.5;11.1;0.6654;1163.0;919.0;1530.0;1076.0;1.8;84.0;128.0;128.0
778.0;34.7;10.2;28.7;1.3457;1078.0;985.0;1697.0;925.0;1.9;111.0;106.0;-200.0
879.0;58.6;5.4;23.4;1.6651;938.0;782.0;1685.0;1001.0;0.8;66.0;75.0;-200.0
725.0;52.1;7.8;27.6;1.8936;1083.0;889.0;1734.0;918.0;1.4;56.0;72.0;-200.0
918.0;49.3;5.1;26.9;1.7196;893.0;767.0;1607.0;805.0;0.9;50.0;36.0;-200.0
832.0;37.3;5.8;32.4;1.7808;1012.0;804.0;1638.0;766.0;0.9;48.0;53.0;-200.0
833.0;68.6;5.7;19.7;1.5563;972.0;799.0;1425.0;825.0;1.5;72.0;199.0;-200.0
797.0;53.1;7.4;26.4;1.7987;1009.0;875.0;1738.0;1060.0;0.9;61.0;81.0;-200.0
850.0;54.9;5.8;26.0;1.8141;961.0;801.0;1683.0;798.0;0.8;44.0;33.0;-200.0
743.0;38.7;9.2;30.7;1.678;1088.0;948.0;1667.0;766.0;1.5;77.0;69.0;-200.0
696.0;45.9;9.7;28.8;1.7884;1109.0;965.0;1742.0;1100.0;1.6;74.0;59.0;-200.0
770.0;21.5;12.3;37.5;1.3673;1103.0;1060.0;1748.0;940.0;1.9;118.0;126.0;-200.0
800.0;53.0;5.7;27.7;1.9423;1001.0;799.0;1642.0;753.0;1.2;46.0;59.0;-200.0
799.0;26.0;10.3;34.3;1.3865;1102.0;990.0;1685.0;849.0;1.7;103.0;90.0;-200.0
879.0;21.4;7.9;38.9;1.4605;1089.0;893.0;1609.0;791.0;1.6;110.0;90.0;-200.0
913.0;47.6;6.2;24.7;1.4597;966.0;820.0;1634.0;807.0;1.0;60.0;56.0;-200.0
873.0;47.8;6.4;25.2;1.5076;948.0;829.0;1638.0;937.0;1.0;53.0;40.0;-200.0
733.0;32.8;9.2;33.3;1.6527;1059.0;947.0;1671.0;813.0;1.7;74.0;90.0;-200.0
1021.0;71.1;6.6;11.9;0.9915;1134.0;840.0;1501.0;917.0;1.6;96.0;103.0;-200.0
711.0;42.7;9.1;29.5;1.7316;1093.0;944.0;1655.0;785.0;1.7;85.0;71.0;-200.0
861.0;37.8;8.2;29.2;1.5098;1079.0;909.0;1686.0;928.0;1.8;99.0;107.0;-200.0
955.0;26.4;6.1;34.0;1.3781;1010.0;816.0;1567.0;741.0;1.3;73.0;80.0;-200.0
918.0;17.5;8.5;36.3;1.0411;985.0;919.0;1540.0;737.0;1.4;90.0;89.0;-200.0
826.0;22.6;9.8;34.7;1.2297;1014.0;970.0;1684.0;763.0;1.9;93.0;95.0;-200.0
783.0;45.9;8.6;24.7;1.4061;1059.0;926.0;1750.0;989.0;1.5;77.0;111.0;-200.0
735.0;26.2;9.1;36.8;1.5984;1064.0;942.0;1650.0;801.0;1.7;78.0;94.0;-200.0
934.0;52.3;6.7;20.3;1.2367;917.0;842.0;1656.0;819.0;1.0;51.0;73.0;-200.0
857.0;36.4;9.3;25.2;1.1528;959.0;949.0;1640.0;949.0;1.8;93.0;104.0;-200.0
1029.0;38.3;5.3;25.5;1.2328;915.0;776.0;1544.0;616.0;1.2;72.0;86.0;-200.0
705.0;29.1;10.4;31.0;1.2885;1104.0;993.0;1539.0;1081.0;2.2;74.0;170.0;-200.0
819.0;26.6;9.8;34.4;1.423;1101.0;972.0;1714.0;752.0;1.7;84.0;75.0;-200.0
822.0;32.4;9.6;31.2;1.4517;1097.0;964.0;1743.0;853.0;1.7;102.0;103.0;-200.0
801.0;39.9;9.7;27.0;1.402;1092.0;967.0;1774.0;910.0;1.6;99.0;104.0;-200.0
806.0;44.9;9.1;24.6;1.3661;1031.0;945.0;1697.0;964.0;1.4;86.0;100.0;-200.0
738.0;71.6;7.7;19.3;1.5844;1069.0;889.0;1469.0;976.0;1.3;91.0;242.0;-200.0
943.0;47.6;5.6;23.5;1.3611;921.0;792.0;1595.0;799.0;0.9;72.0;72.0;-200.0
868.0;43.0;8.7;25.2;1.358;1016.0;929.0;1724.0;853.0;1.7;94.0;87.0;-200.0
866.0;28.7;9.8;31.3;1.2885;1007.0;971.0;1682.0;802.0;1.7;106.0;120.0;-200.0
867.0;38.3;8.9;27.1;1.3548;1027.0;936.0;1696.0;931.0;1.7;117.0;152.0;-200.0
812.0;60.8;9.3;18.3;1.2635;966.0;951.0;1735.0;996.0;1.3;77.0;123.0;-200.0
807.0;25.4;12.6;31.3;1.1415;1048.0;1070.0;1737.0;842.0;2.3;106.0;111.0;-200.0
862.0;30.9;9.0;30.1;1.2958;1032.0;940.0;1703.0;733.0;1.7;85.0;102.0;-200.0
882.0;57.4;6.8;20.6;1.3753;936.0;849.0;1640.0;886.0;1.0;61.0;70.0;-200.0
687.0;41.9;9.3;31.2;1.871;1122.0;951.0;1729.0;1022.0;2.0;95.0;126.0;-200.0
897.0;51.8;7.5;19.9;1.1911;915.0;877.0;1651.0;937.0;1.0;69.0;92.0;-200.0
1016.0;29.6;8.1;27.0;1.0419;927.0;905.0;1554.0;711.0;-200.0;-200.0;-200.0;-200.0
847.0;45.2;9.2;25.2;1.4262;1086.0;946.0;1729.0;945.0;2.0;89.0;126.0;-200.0
837.0;16.6;12.5;37.3;1.0435;1027.0;1066.0;1689.0;814.0;1.9;110.0;109.0;-200.0
801.0;19.6;13.1;35.9;1.1422;1096.0;1087.0;1759.0;910.0;2.0;111.0;120.0;-200.0
899.0;54.8;8.1;20.5;1.3073;935.0;905.0;1675.0;954.0;1.0;69.0;88.0;-200.0
853.0;45.1;10.2;23.7;1.3033;1020.0;984.0;1753.0;1031.0;1.6;81.0;81.0;-200.0
933.0;41.2;8.1;24.9;1.2809;972.0;902.0;1647.0;878.0;1.2;67.0;59.0;-200.0
843.0;46.4;6.9;26.0;1.5375;1014.0;853.0;1499.0;1084.0;1.0;39.0;98.0;-200.0
896.0;49.2;5.6;24.7;1.5116;956.0;794.0;1456.0;1007.0;0.8;68.0;144.0;-200.0
867.0;41.9;10.9;24.6;1.2752;1004.0;1011.0;1754.0;893.0;2.0;116.0;108.0;-200.0
758.0;28.3;8.6;28.9;1.1078;957.0;926.0;1480.0;830.0;1.7;92.0;72.0;-200.0
969.0;59.4;7.4;19.8;1.3554;966.0;874.0;1682.0;999.0;1.5;95.0;171.0;-200.0
729.0;48.0;6.8;26.0;1.5899;1016.0;849.0;1609.0;872.0;1.5;84.0;99.0;-200.0
740.0;74.4;10.1;19.7;1.6829;1066.0;982.0;1699.0;1065.0;1.4;53.0;239.0;-200.0
677.0;49.6;7.8;26.9;1.7299;1093.0;893.0;1678.0;927.0;1.8;83.0;90.0;-200.0
734.0;78.8;7.5;17.7;1.5855;1075.0;878.0;1495.0;948.0;1.6;78.0;169.0;-200.0
889.0;26.0;12.6;28.9;1.0188;1044.0;1069.0;1683.0;942.0;1.4;123.0;144.0;-200.0
889.0;41.8;9.0;22.8;1.1417;962.0;940.0;1441.0;855.0;1.6;89.0;209.0;-200.0
986.0;26.9;10.1;25.0;0.8408;1025.0;980.0;1591.0;891.0;1.3;113.0;114.0;-200.0
659.0;48.8;10.3;28.8;1.9039;1121.0;989.0;1821.0;955.0;-200.0;97.0;108.0;-200.0
804.0;37.3;6.8;26.3;1.2555;939.0;849.0;1479.0;650.0;1.4;83.0;72.0;-200.0
907.0;39.4;13.8;18.5;0.832;1035.0;1110.0;1652.0;1044.0;2.7;125.0;148.0;-200.0
904.0;36.9;6.5;23.8;1.0748;886.0;834.0;1440.0;767.0;1.0;67.0;48.0;-200.0
863.0;60.0;7.7;18.6;1.2757;969.0;886.0;1451.0;953.0;1.3;68.0;179.0;-200.0
829.0;68.4;5.7;22.7;1.8627;1001.0;799.0;1619.0;859.0;-200.0;72.0;67.0;-200.0
1070.0;47.6;7.0;20.0;1.103;976.0;858.0;1547.0;839.0;0.9;102.0;104.0;-200.0
959.0;47.2;10.4;20.2;1.1043;1081.0;992.0;1680.0;935.0;1.8;119.0;147.0;-200.0
804.0;65.5;8.1;18.3;1.3686;1013.0;905.0;1499.0;974.0;1.4;79.0;231.0;-200.0
809.0;58.4;7.7;22.1;1.5393;1018.0;885.0;1491.0;864.0;1.3;77.0;112.0;-200.0
908.0;55.8;4.6;22.3;1.4828;923.0;744.0;1394.0;815.0;0.7;64.0;80.0;-200.0
767.0;45.0;8.5;22.2;1.1867;924.0;920.0;1534.0;946.0;1.3;62.0;92.0;-200.0
852.0;37.9;5.8;24.1;1.1204;904.0;801.0;1400.0;862.0;1.1;53.0;44.0;-200.0
749.0;62.0;9.6;22.9;1.7127;1077.0;964.0;1571.0;923.0;1.8;93.0;163.0;-200.0
793.0;64.9;8.0;22.2;1.719;1037.0;898.0;1539.0;836.0;1.6;87.0;152.0;-200.0
704.0;76.6;8.1;17.5;1.5174;1037.0;902.0;1481.0;984.0;1.5;48.0;196.0;-200.0
818.0;68.5;6.9;21.4;1.7261;1002.0;854.0;1513.0;779.0;1.4;71.0;104.0;-200.0
948.0;49.3;6.0;20.5;1.173;1110.0;814.0;1571.0;854.0;1.1;73.0;75.0;-200.0
1066.0;37.9;5.7;13.2;0.5733;1020.0;797.0;1302.0;689.0;1.6;99.0;95.0;154.0
991.0;27.7;6.9;25.8;0.9076;1079.0;851.0;1490.0;738.0;1.5;81.0;93.0;-200.0
840.0;62.6;5.1;22.9;1.7253;868.0;771.0;1608.0;860.0;0.9;43.0;51.0;-200.0
845.0;36.2;10.1;23.0;1.0053;1296.0;983.0;1626.0;802.0;-200.0;-200.0;-200.0;-200.0
840.0;52.1;9.7;19.4;1.1642;1212.0;966.0;1691.0;1043.0;2.2;100.0;152.0;-200.0
1145.0;58.0;3.0;14.5;0.9488;986.0;651.0;1380.0;891.0;0.8;74.0;60.0;57.0
742.0;61.8;7.7;23.3;1.7504;951.0;886.0;1705.0;988.0;1.2;51.0;74.0;-200.0
781.0;46.7;11.0;17.6;0.9324;1223.0;1014.0;1666.0;1219.0;2.6;108.0;172.0;212.0
721.0;50.7;10.3;24.1;1.4959;1111.0;991.0;1559.0;1028.0;2.1;109.0;218.0;-200.0
889.0;42.0;6.8;20.5;1.0004;1045.0;850.0;1506.0;1102.0;1.2;93.0;78.0;-200.0
859.0;53.7;6.5;22.7;1.458;969.0;835.0;1437.0;773.0;1.0;64.0;97.0;-200.0
791.0;22.3;12.3;31.1;0.9888;1196.0;1061.0;1649.0;899.0;1.9;120.0;116.0;-200.0
796.0;23.3;12.0;30.3;0.9869;1218.0;1051.0;1689.0;881.0;2.0;108.0;121.0;-200.0
823.0;41.8;9.3;20.8;1.0155;1197.0;950.0;1592.0;918.0;2.0;118.0;110.0;-200.0
796.0;22.1;13.4;30.1;0.9281;1192.0;1097.0;1688.0;971.0;2.0;113.0;118.0;-200.0
813.0;26.3;11.5;27.7;0.9652;1156.0;1034.0;1640.0;1123.0;2.1;122.0;154.0;-200.0
706.0;67.5;8.8;21.5;1.708;1088.0;932.0;1565.0;1034.0;1.3;72.0;203.0;-200.0
909.0;71.7;4.1;17.2;1.394;866.0;717.0;1328.0;827.0;0.9;-200.0;-200.0;-200.0
790.0;30.5;14.7;24.7;0.9371;1303.0;1139.0;1761.0;1138.0;2.7;126.0;152.0;391.0
760.0;34.0;8.4;33.5;1.73;1012.0;914.0;1653.0;858.0;1.7;88.0;80.0;-200.0
948.0;27.1;11.0;19.2;0.5976;1099.0;1014.0;1503.0;868.0;2.0;97.0;112.0;181.0
937.0;33.9;8.6;21.8;0.8771;1125.0;924.0;1542.0;790.0;1.7;73.0;102.0;179.0
1007.0;24.1;8.5;22.3;0.6394;988.0;918.0;1393.0;850.0;1.7;94.0;141.0;-200.0
956.0;50.8;7.3;12.6;0.7387;1020.0;871.0;1426.0;911.0;1.6;93.0;133.0;144.0
1013.0;62.2;6.3;9.3;0.7294;1135.0;827.0;1395.0;1070.0;1.7;79.0;87.0;95.0
918.0;69.7;8.9;12.0;0.9735;1287.0;936.0;1606.0;1040.0;2.0;106.0;126.0;-200.0
905.0;23.6;10.5;25.9;0.7771;984.0;998.0;1523.0;862.0;2.0;97.0;134.0;-200.0
723.0;17.9;10.4;38.3;1.181;1076.0;994.0;1549.0;938.0;2.0;129.0;133.0;-200.0
882.0;52.3;8.4;17.2;1.0169;1033.0;917.0;1617.0;905.0;1.5;95.0;118.0;-200.0
883.0;57.0;6.9;16.3;1.0484;1014.0;853.0;1538.0;975.0;1.3;91.0;75.0;-200.0
767.0;54.1;7.4;25.7;1.7546;963.0;872.0;1617.0;803.0;1.5;69.0;65.0;-200.0
818.0;45.5;9.8;19.5;1.0189;1084.0;970.0;1626.0;845.0;2.1;98.0;132.0;-200.0
846.0;52.8;8.7;17.2;1.0236;1066.0;927.0;1608.0;804.0;1.9;97.0;138.0;-200.0
907.0;49.7;7.2;17.6;0.9944;1020.0;866.0;1554.0;799.0;1.6;90.0;139.0;-200.0
765.0;31.7;14.4;23.8;0.9212;1140.0;1129.0;1728.0;1023.0;2.3;94.0;132.0;-200.0
832.0;28.4;12.4;25.7;0.9248;1162.0;1064.0;1675.0;913.0;1.9;97.0;124.0;-200.0
731.0;45.0;13.4;20.0;1.0379;1132.0;1096.0;1808.0;1186.0;2.5;107.0;178.0;-200.0
785.0;20.8;15.8;34.0;1.0898;1053.0;1173.0;1808.0;981.0;2.6;140.0;189.0;-200.0
726.0;33.4;16.5;29.0;1.3169;1131.0;1194.0;1907.0;1009.0;3.3;125.0;172.0;-200.0
971.0;63.4;3.3;22.6;1.7136;815.0;670.0;1538.0;774.0;0.6;44.0;44.0;-200.0
954.0;63.6;7.3;13.3;0.9677;1025.0;869.0;1531.0;851.0;2.1;101.0;144.0;-200.0
922.0;65.2;8.0;13.4;0.9996;1041.0;898.0;1595.0;891.0;2.0;97.0;130.0;-200.0
869.0;60.5;9.4;14.2;0.9765;1052.0;956.0;1600.0;725.0;2.3;116.0;140.0;-200.0
804.0;64.2;12.4;14.4;1.049;1138.0;1063.0;1728.0;983.0;3.3;122.0;169.0;-200.0
766.0;35.1;7.9;33.4;1.781;1016.0;896.0;1704.0;820.0;1.5;93.0;91.0;-200.0
700.0;61.3;9.0;22.1;1.6053;1138.0;938.0;1500.0;1098.0;1.5;87.0;147.0;-200.0
850.0;70.7;9.2;15.9;1.2672;1110.0;949.0;1733.0;842.0;2.1;79.0;96.0;-200.0
857.0;56.9;10.0;17.7;1.1392;981.0;978.0;1682.0;835.0;1.6;72.0;79.0;-200.0
764.0;70.8;6.9;19.0;1.5417;1035.0;851.0;1465.0;1002.0;1.3;69.0;132.0;-200.0
898.0;54.8;7.9;20.3;1.2867;1035.0;895.0;1657.0;863.0;1.3;65.0;84.0;-200.0
967.0;57.1;5.3;19.5;1.2806;1016.0;780.0;1566.0;806.0;1.1;70.0;61.0;-200.0
1016.0;18.6;11.9;30.6;0.8014;1086.0;1048.0;1580.0;888.0;-200.0;-200.0;-200.0;-200.0
886.0;25.2;11.0;26.8;0.8721;1048.0;1013.0;1584.0;940.0;1.9;96.0;127.0;-200.0
803.0;39.9;6.9;33.4;2.0177;1066.0;855.0;1712.0;929.0;1.5;61.0;101.0;-200.0
950.0;44.3;8.0;15.1;0.7535;1138.0;898.0;1505.0;966.0;1.7;88.0;136.0;118.0
868.0;45.6;11.6;12.1;0.6403;1168.0;1037.0;1580.0;990.0;2.4;105.0;125.0;239.0
776.0;52.3;12.5;15.0;0.8881;1425.0;1068.0;1764.0;1341.0;2.6;107.0;166.0;-200.0
939.0;70.2;6.5;16.5;1.3099;1047.0;833.0;1647.0;1081.0;1.6;71.0;85.0;-200.0
757.0;20.9;8.7;36.9;1.2864;1055.0;927.0;1520.0;716.0;1.7;90.0;87.0;-200.0
731.0;33.8;8.5;26.8;1.1723;1031.0;921.0;1490.0;897.0;1.8;-200.0;-200.0;-200.0
602.0;53.0;15.3;22.8;1.4482;1242.0;1158.0;1682.0;1252.0;-200.0;-200.0;-200.0;-200.0
917.0;72.0;5.5;19.5;1.6118;940.0;789.0;1473.0;914.0;-200.0;-200.0;-200.0;-200.0
697.0;64.5;7.3;21.1;1.594;1150.0;871.0;1502.0;1030.0;1.4;58.0;155.0;-200.0
745.0;57.8;7.9;27.3;2.0646;1053.0;895.0;1727.0;882.0;1.6;46.0;58.0;-200.0
780.0;63.9;5.1;21.3;1.5951;1062.0;770.0;1450.0;922.0;0.9;48.0;96.0;-200.0
753.0;69.1;6.3;21.3;1.7275;1082.0;825.0;1526.0;930.0;1.2;59.0;163.0;-200.0
767.0;68.1;6.7;20.8;1.6585;1069.0;844.0;1527.0;883.0;1.5;63.0;185.0;-200.0
768.0;68.4;6.6;20.7;1.6507;1073.0;838.0;1549.0;892.0;1.5;63.0;178.0;-200.0
799.0;70.5;6.1;20.1;1.6384;1039.0;817.0;1502.0;836.0;1.3;55.0;132.0;-200.0
757.0;74.9;7.2;18.6;1.5918;1041.0;865.0;1486.0;902.0;1.1;53.0;164.0;-200.0
743.0;66.1;8.9;19.0;1.4415;1057.0;934.0;1525.0;1041.0;1.9;57.0;206.0;-200.0
640.0;32.9;15.3;30.2;1.3865;1186.0;1159.0;1701.0;1046.0;2.6;141.0;295.0;-200.0
673.0;66.7;10.1;20.4;1.583;1146.0;983.0;1518.0;1136.0;1.7;71.0;201.0;-200.0
994.0;46.8;4.9;17.1;0.9054;840.0;758.0;1189.0;829.0;1.0;85.0;148.0;-200.0
828.0;59.6;6.1;15.9;1.0673;971.0;818.0;1252.0;857.0;1.5;107.0;205.0;-200.0
854.0;36.7;15.8;20.4;0.8704;1474.0;1173.0;1776.0;1432.0;3.2;143.0;166.0;230.0
770.0;19.0;12.1;39.6;1.3447;1081.0;1053.0;1773.0;883.0;1.9;106.0;108.0;-200.0
772.0;20.1;11.6;39.9;1.4495;1148.0;1037.0;1720.0;835.0;1.8;130.0;110.0;-200.0
990.0;68.1;2.9;17.8;1.3722;832.0;644.0;1239.0;747.0;0.6;40.0;94.0;-200.0
631.0;47.0;21.7;14.7;0.7815;1479.0;1343.0;1995.0;1579.0;5.0;144.0;259.0;680.0
749.0;32.0;17.8;23.4;0.91;1137.0;1234.0;1824.0;990.0;2.5;104.0;132.0;-200.0
522.0;34.8;25.2;31.6;1.5925;1446.0;1434.0;2075.0;1619.0;4.6;190.0;442.0;-200.0
1051.0;57.6;3.0;21.4;1.4469;851.0;655.0;1301.0;625.0;0.7;43.0;52.0;-200.0
758.0;51.6;7.5;18.3;1.0732;1056.0;878.0;1308.0;856.0;1.9;116.0;244.0;-200.0
1126.0;40.5;3.1;23.6;1.1667;859.0;656.0;1213.0;582.0;-200.0;-200.0;-200.0;-200.0
876.0;35.7;9.3;26.2;1.1929;1081.0;950.0;1434.0;1138.0;1.5;114.0;186.0;-200.0
745.0;22.6;11.2;38.1;1.4868;1124.0;1021.0;1735.0;827.0;1.7;119.0;115.0;-200.0
976.0;37.8;10.6;16.7;0.7117;1326.0;1000.0;1602.0;1084.0;2.3;125.0;148.0;97.0
1055.0;45.1;3.0;25.9;1.4889;863.0;652.0;1504.0;816.0;0.5;54.0;42.0;-200.0
909.0;17.5;8.0;36.9;1.0789;970.0;900.0;1524.0;664.0;1.2;93.0;79.0;-200.0
553.0;61.1;17.3;22.6;1.6596;1301.0;1218.0;1806.0;1399.0;3.4;133.0;406.0;-200.0
688.0;66.7;10.2;20.1;1.5548;1119.0;984.0;1539.0;1082.0;2.4;90.0;311.0;-200.0
774.0;59.4;7.0;27.4;2.1395;1033.0;856.0;1736.0;769.0;1.4;62.0;60.0;-200.0
769.0;19.1;13.3;31.3;0.8634;1026.0;1094.0;1629.0;1224.0;2.6;134.0;278.0;-200.0
809.0;46.8;6.4;25.7;1.523;935.0;832.0;1566.0;778.0;-200.0;77.0;81.0;-200.0
728.0;30.0;9.0;33.9;1.56;1081.0;938.0;1568.0;714.0;1.7;87.0;80.0;-200.0
1531.0;53.7;0.9;15.4;0.9295;718.0;486.0;1072.0;398.0;0.3;14.0;32.0;-200.0
757.0;29.3;11.8;30.5;1.2612;1103.0;1044.0;1523.0;967.0;2.6;125.0;283.0;-200.0
1030.0;42.6;7.5;20.9;1.04;918.0;879.0;1569.0;804.0;1.7;96.0;130.0;-200.0
707.0;43.5;9.9;28.8;1.6989;1086.0;974.0;1733.0;795.0;1.2;91.0;58.0;-200.0
737.0;43.4;6.8;29.8;1.7988;1072.0;850.0;1604.0;702.0;1.4;65.0;70.0;-200.0
703.0;43.6;9.7;32.3;2.07;1136.0;967.0;1801.0;927.0;1.7;67.0;65.0;-200.0
760.0;18.3;14.3;31.9;0.8523;1023.0;1127.0;1635.0;982.0;2.8;126.0;206.0;-200.0
687.0;51.1;9.1;28.2;1.9221;1098.0;944.0;1772.0;1086.0;1.5;76.0;69.0;-200.0
669.0;45.3;13.3;26.1;1.5115;1171.0;1093.0;1862.0;1205.0;2.3;105.0;117.0;-200.0
1163.0;37.9;4.1;19.2;0.8352;906.0;714.0;1351.0;544.0;0.7;67.0;56.0;-200.0
802.0;51.3;8.5;16.6;0.9634;998.0;920.0;1365.0;1042.0;1.9;103.0;241.0;-200.0
678.0;50.6;10.2;29.5;2.0492;1151.0;984.0;1823.0;1024.0;1.7;64.0;67.0;-200.0
720.0;34.5;10.1;33.8;1.7788;1100.0;982.0;1760.0;823.0;1.7;69.0;84.0;-200.0
1045.0;23.8;8.8;27.4;0.858;990.0;930.0;1506.0;739.0;1.1;95.0;89.0;-200.0
932.0;31.0;8.2;27.1;1.0991;1017.0;908.0;1354.0;880.0;1.4;119.0;194.0;-200.0
971.0;17.3;13.0;35.0;0.9542;1096.0;1083.0;1430.0;986.0;2.0;129.0;310.0;-200.0
909.0;22.8;13.1;30.3;0.9695;1018.0;1088.0;1677.0;795.0;1.4;120.0;127.0;-200.0
706.0;35.9;10.6;34.7;1.9528;1118.0;999.0;1766.0;878.0;1.7;79.0;69.0;-200.0
846.0;19.6;9.6;34.2;1.0399;978.0;962.0;1527.0;680.0;1.3;117.0;105.0;-200.0
849.0;52.4;4.8;27.6;1.9055;1007.0;751.0;1649.0;643.0;1.3;64.0;53.0;-200.0
849.0;24.5;16.6;29.0;0.9655;1050.0;1199.0;1781.0;1035.0;-200.0;-200.0;-200.0;-200.0
670.0;44.9;9.7;26.5;1.5278;1189.0;965.0;1533.0;1060.0;2.0;87.0;239.0;-200.0
813.0;68.0;4.6;25.4;2.1806;1032.0;744.0;1695.0;778.0;1.4;79.0;87.0;-200.0
740.0;41.7;8.4;29.7;1.7081;981.0;917.0;1649.0;714.0;1.6;93.0;78.0;-200.0
936.0;35.1;6.3;29.1;1.3919;1024.0;828.0;1601.0;641.0;1.1;52.0;46.0;-200.0
501.0;70.9;24.1;17.3;1.3876;1420.0;1405.0;1941.0;1573.0;-200.0;-200.0;-200.0;-200.0
1269.0;56.1;2.7;10.6;0.7149;904.0;635.0;1233.0;489.0;0.8;74.0;66.0;56.0
616.0;75.4;13.9;20.1;1.751;1214.0;1113.0;1664.0;1213.0;2.7;118.0;305.0;-200.0
854.0;57.8;9.7;19.7;1.3112;1036.0;965.0;1544.0;987.0;2.2;91.0;342.0;-200.0
800.0;76.9;5.9;16.2;1.4029;940.0;806.0;1392.0;1013.0;0.9;48.0;181.0;-200.0
1292.0;38.3;2.5;21.7;0.9842;838.0;620.0;1325.0;502.0;0.7;74.0;62.0;-200.0
-200.0;-200.0;-200.0;-200.0;-200.0;-200.0;-200.0;-200.0;-200.0;1.4;71.0;83.0;-200.0
649.0;48.7;16.2;22.9;1.3416;1203.0;1185.0;1968.0;1328.0;2.9;125.0;224.0;-200.0
887.0;19.5;7.1;34.8;1.0667;960.0;860.0;1417.0;559.0;-200.0;95.0;83.0;-200.0
922.0;20.8;4.8;36.5;1.2446;947.0;751.0;1358.0;595.0;-200.0;-200.0;-200.0;-200.0
874.0;73.5;4.7;15.8;1.3151;897.0;750.0;1270.0;799.0;0.7;46.0;156.0;-200.0
874.0;9.2;15.8;31.6;0.419;1091.0;1172.0;1459.0;1105.0;2.2;127.0;162.0;-200.0
888.0;63.5;4.4;24.9;1.9647;901.0;733.0;1605.0;755.0;0.8;39.0;27.0;-200.0
784.0;38.2;7.6;27.6;1.3911;1057.0;881.0;1574.0;1081.0;-200.0;67.0;53.0;-200.0
625.0;57.3;13.1;20.6;1.3792;1139.0;1088.0;1580.0;1180.0;2.3;101.0;349.0;-200.0
885.0;13.0;14.0;24.9;0.4038;1106.0;1118.0;1451.0;1220.0;2.6;130.0;207.0;-200.0
705.0;21.2;12.3;35.5;1.2022;1030.0;1060.0;1588.0;852.0;2.1;118.0;245.0;-200.0
752.0;51.5;9.1;17.2;1.0015;1075.0;943.0;1305.0;894.0;2.3;142.0;296.0;-200.0
1133.0;54.0;2.4;23.0;1.501;812.0;613.0;1302.0;626.0;0.6;47.0;54.0;-200.0
707.0;58.2;15.5;13.5;0.8944;1085.0;1164.0;1503.0;1155.0;2.4;120.0;368.0;-200.0
867.0;50.4;5.1;26.6;1.724;957.0;767.0;1534.0;577.0;1.2;74.0;57.0;-200.0
965.0;28.2;5.1;32.0;1.3204;892.0;771.0;1465.0;494.0;1.0;76.0;55.0;-200.0
685.0;18.0;13.0;38.9;1.2318;1194.0;1083.0;1632.0;1060.0;-200.0;139.0;128.0;-200.0
713.0;43.0;10.7;22.8;1.1731;1079.0;1004.0;1628.0;1302.0;2.0;111.0;175.0;-200.0
756.0;22.3;13.3;31.3;1.0043;1235.0;1094.0;1729.0;907.0;2.0;107.0;111.0;-200.0
1049.0;33.6;9.2;18.4;0.7042;1240.0;947.0;1532.0;947.0;2.0;116.0;119.0;108.0
752.0;59.1;9.8;11.4;0.7963;1023.0;971.0;1283.0;993.0;2.1;98.0;448.0;-200.0
800.0;31.8;6.8;32.3;1.5128;1003.0;849.0;1511.0;710.0;-200.0;-200.0;-200.0;-200.0
1097.0;50.7;3.0;21.9;1.3138;811.0;651.0;1442.0;579.0;0.6;46.0;35.0;-200.0
